{
  "num_iter": 30,
  "final_score": 0.8211097717285156,
  "best_score": 0.8211097717285156,
  "loss_history": [
    0.6818832159042358,
    0.6957592368125916,
    0.6984530687332153,
    0.716455340385437,
    0.7262555360794067,
    0.7342345118522644,
    0.7388688325881958,
    0.7388688325881958,
    0.7388688325881958,
    0.7388688325881958,
    0.7528560757637024,
    0.7785600423812866,
    0.7785600423812866,
    0.7785600423812866,
    0.7839183807373047,
    0.7839183807373047,
    0.7926594614982605,
    0.8041017651557922,
    0.807447075843811,
    0.807447075843811,
    0.807447075843811,
    0.8138447999954224,
    0.8138447999954224,
    0.8138447999954224,
    0.8161035776138306,
    0.8161035776138306,
    0.8161035776138306,
    0.8191016912460327,
    0.8191016912460327,
    0.8211097717285156
  ]
}